<?xml version="1.0"?>
<game>
  <player>
    <x>535</x>
    <y>400</y>
  </player>
  <enemies>
    <enemy>
      <x>320</x>
      <y>542</y>
    </enemy>
    <enemy>
      <x>312</x>
      <y>182</y>
    </enemy>
    <enemy>
      <x>910</x>
      <y>174</y>
    </enemy>
    <enemy>
      <x>896</x>
      <y>617</y>
    </enemy>
  </enemies>
  <obstacles>
    <obstacle>
      <x>111</x>
      <y>215</y>
    </obstacle>
    <obstacle>
      <x>111</x>
      <y>315</y>
    </obstacle>
    <obstacle>
      <x>111</x>
      <y>415</y>
    </obstacle>
    <obstacle>
      <x>111</x>
      <y>515</y>
    </obstacle>
    <obstacle>
      <x>211</x>
      <y>315</y>
    </obstacle>
    <obstacle>
      <x>311</x>
      <y>315</y>
    </obstacle>
    <obstacle>
      <x>511</x>
      <y>550</y>
    </obstacle>
    <obstacle>
      <x>611</x>
      <y>550</y>
    </obstacle>
    <obstacle>
      <x>711</x>
      <y>550</y>
    </obstacle>
    <obstacle>
      <x>655</x>
      <y>233</y>
    </obstacle>
    <obstacle>
      <x>755</x>
      <y>233</y>
    </obstacle>
    <obstacle>
      <x>755</x>
      <y>333</y>
    </obstacle>
  </obstacles>
  <polygons>
    <polygon>
      <node>
        <x>96</x>
        <y>196</y>
      </node>
      <node>
        <x>91</x>
        <y>123</y>
      </node>
      <node>
        <x>7</x>
        <y>118</y>
      </node>
    </polygon>
    <polygon>
      <node>
        <x>96</x>
        <y>196</y>
      </node>
      <node>
        <x>7</x>
        <y>118</y>
      </node>
      <node>
        <x>6</x>
        <y>209</y>
      </node>
    </polygon>
    <polygon>
      <node>
        <x>96</x>
        <y>196</y>
      </node>
      <node>
        <x>101</x>
        <y>625</y>
      </node>
      <node>
        <x>7</x>
        <y>626</y>
      </node>
      <node>
        <x>6</x>
        <y>209</y>
      </node>
    </polygon>
    <polygon>
      <node>
        <x>101</x>
        <y>625</y>
      </node>
      <node>
        <x>7</x>
        <y>626</y>
      </node>
      <node>
        <x>7</x>
        <y>754</y>
      </node>
    </polygon>
    <polygon>
      <node>
        <x>101</x>
        <y>625</y>
      </node>
      <node>
        <x>102</x>
        <y>749</y>
      </node>
      <node>
        <x>7</x>
        <y>754</y>
      </node>
    </polygon>
    <polygon>
      <node>
        <x>91</x>
        <y>123</y>
      </node>
      <node>
        <x>219</x>
        <y>117</y>
      </node>
      <node>
        <x>222</x>
        <y>193</y>
      </node>
      <node>
        <x>96</x>
        <y>196</y>
      </node>
    </polygon>
    <polygon>
      <node>
        <x>646</x>
        <y>337</y>
      </node>
      <node>
        <x>740</x>
        <y>346</y>
      </node>
      <node>
        <x>750</x>
        <y>442</y>
      </node>
    </polygon>
    <polygon>
      <node>
        <x>750</x>
        <y>442</y>
      </node>
      <node>
        <x>861</x>
        <y>440</y>
      </node>
      <node>
        <x>813</x>
        <y>538</y>
      </node>
    </polygon>
    <polygon>
      <node>
        <x>646</x>
        <y>337</y>
      </node>
      <node>
        <x>657</x>
        <y>532</y>
      </node>
      <node>
        <x>813</x>
        <y>538</y>
      </node>
      <node>
        <x>750</x>
        <y>442</y>
      </node>
    </polygon>
    <polygon>
      <node>
        <x>818</x>
        <y>653</y>
      </node>
      <node>
        <x>1012</x>
        <y>648</y>
      </node>
      <node>
        <x>1011</x>
        <y>754</y>
      </node>
    </polygon>
    <polygon>
      <node>
        <x>818</x>
        <y>653</y>
      </node>
      <node>
        <x>818</x>
        <y>754</y>
      </node>
      <node>
        <x>1011</x>
        <y>754</y>
      </node>
    </polygon>
    <polygon>
      <node>
        <x>818</x>
        <y>653</y>
      </node>
      <node>
        <x>813</x>
        <y>538</y>
      </node>
      <node>
        <x>1003</x>
        <y>536</y>
      </node>
      <node>
        <x>1012</x>
        <y>648</y>
      </node>
    </polygon>
    <polygon>
      <node>
        <x>813</x>
        <y>538</y>
      </node>
      <node>
        <x>861</x>
        <y>440</y>
      </node>
      <node>
        <x>1007</x>
        <y>436</y>
      </node>
      <node>
        <x>1003</x>
        <y>536</y>
      </node>
    </polygon>
    <polygon>
      <node>
        <x>862</x>
        <y>225</y>
      </node>
      <node>
        <x>858</x>
        <y>118</y>
      </node>
      <node>
        <x>1010</x>
        <y>121</y>
      </node>
    </polygon>
    <polygon>
      <node>
        <x>862</x>
        <y>225</y>
      </node>
      <node>
        <x>1010</x>
        <y>226</y>
      </node>
      <node>
        <x>1010</x>
        <y>121</y>
      </node>
    </polygon>
    <polygon>
      <node>
        <x>861</x>
        <y>440</y>
      </node>
      <node>
        <x>862</x>
        <y>225</y>
      </node>
      <node>
        <x>1010</x>
        <y>226</y>
      </node>
      <node>
        <x>1007</x>
        <y>436</y>
      </node>
    </polygon>
    <polygon>
      <node>
        <x>500</x>
        <y>747</y>
      </node>
      <node>
        <x>501</x>
        <y>660</y>
      </node>
      <node>
        <x>818</x>
        <y>653</y>
      </node>
      <node>
        <x>818</x>
        <y>754</y>
      </node>
    </polygon>
    <polygon>
      <node>
        <x>420</x>
        <y>422</y>
      </node>
      <node>
        <x>418</x>
        <y>306</y>
      </node>
      <node>
        <x>646</x>
        <y>337</y>
      </node>
      <node>
        <x>657</x>
        <y>532</y>
      </node>
      <node>
        <x>501</x>
        <y>543</y>
      </node>
    </polygon>
    <polygon>
      <node>
        <x>221</x>
        <y>426</y>
      </node>
      <node>
        <x>420</x>
        <y>422</y>
      </node>
      <node>
        <x>501</x>
        <y>543</y>
      </node>
      <node>
        <x>501</x>
        <y>660</y>
      </node>
      <node>
        <x>219</x>
        <y>625</y>
      </node>
    </polygon>
    <polygon>
      <node>
        <x>102</x>
        <y>749</y>
      </node>
      <node>
        <x>101</x>
        <y>625</y>
      </node>
      <node>
        <x>219</x>
        <y>625</y>
      </node>
      <node>
        <x>216</x>
        <y>743</y>
      </node>
    </polygon>
    <polygon>
      <node>
        <x>219</x>
        <y>625</y>
      </node>
      <node>
        <x>501</x>
        <y>660</y>
      </node>
      <node>
        <x>500</x>
        <y>747</y>
      </node>
      <node>
        <x>216</x>
        <y>743</y>
      </node>
    </polygon>
    <polygon>
      <node>
        <x>222</x>
        <y>193</y>
      </node>
      <node>
        <x>226</x>
        <y>298</y>
      </node>
      <node>
        <x>418</x>
        <y>306</y>
      </node>
    </polygon>
    <polygon>
      <node>
        <x>219</x>
        <y>117</y>
      </node>
      <node>
        <x>222</x>
        <y>193</y>
      </node>
      <node>
        <x>418</x>
        <y>306</y>
      </node>
      <node>
        <x>414</x>
        <y>120</y>
      </node>
    </polygon>
    <polygon>
      <node>
        <x>645</x>
        <y>120</y>
      </node>
      <node>
        <x>645</x>
        <y>226</y>
      </node>
      <node>
        <x>862</x>
        <y>225</y>
      </node>
      <node>
        <x>858</x>
        <y>118</y>
      </node>
    </polygon>
    <polygon>
      <node>
        <x>414</x>
        <y>120</y>
      </node>
      <node>
        <x>418</x>
        <y>306</y>
      </node>
      <node>
        <x>646</x>
        <y>337</y>
      </node>
      <node>
        <x>645</x>
        <y>226</y>
      </node>
    </polygon>
    <polygon>
      <node>
        <x>414</x>
        <y>120</y>
      </node>
      <node>
        <x>645</x>
        <y>120</y>
      </node>
      <node>
        <x>645</x>
        <y>226</y>
      </node>
    </polygon>
  </polygons>
</game>