<?xml version="1.0"?>
<game>
  <player>
    <x>453</x>
    <y>334</y>
  </player>
  <enemies>
    <enemy>
      <x>120</x>
      <y>631</y>
    </enemy>
    <enemy>
      <x>910</x>
      <y>174</y>
    </enemy>
  </enemies>
  <obstacles>
    <obstacle>
      <x>114</x>
      <y>232</y>
    </obstacle>
    <obstacle>
      <x>114</x>
      <y>332</y>
    </obstacle>
    <obstacle>
      <x>214</x>
      <y>332</y>
    </obstacle>
    <obstacle>
      <x>571</x>
      <y>271</y>
    </obstacle>
    <obstacle>
      <x>671</x>
      <y>271</y>
    </obstacle>
    <obstacle>
      <x>771</x>
      <y>271</y>
    </obstacle>
    <obstacle>
      <x>771</x>
      <y>371</y>
    </obstacle>
    <obstacle>
      <x>362</x>
      <y>566</y>
    </obstacle>
    <obstacle>
      <x>462</x>
      <y>566</y>
    </obstacle>
    <obstacle>
      <x>562</x>
      <y>566</y>
    </obstacle>
  </obstacles>
  <polygons>
    <polygon>
      <node>
        <x>23</x>
        <y>128</y>
      </node>
      <node>
        <x>98</x>
        <y>214</y>
      </node>
      <node>
        <x>99</x>
        <y>122</y>
      </node>
    </polygon>
    <polygon>
      <node>
        <x>23</x>
        <y>128</y>
      </node>
      <node>
        <x>23</x>
        <y>210</y>
      </node>
      <node>
        <x>98</x>
        <y>214</y>
      </node>
    </polygon>
    <polygon>
      <node>
        <x>225</x>
        <y>218</y>
      </node>
      <node>
        <x>223</x>
        <y>122</y>
      </node>
      <node>
        <x>316</x>
        <y>123</y>
      </node>
    </polygon>
    <polygon>
      <node>
        <x>316</x>
        <y>123</y>
      </node>
      <node>
        <x>314</x>
        <y>215</y>
      </node>
      <node>
        <x>225</x>
        <y>218</y>
      </node>
    </polygon>
    <polygon>
      <node>
        <x>99</x>
        <y>122</y>
      </node>
      <node>
        <x>223</x>
        <y>122</y>
      </node>
      <node>
        <x>225</x>
        <y>218</y>
      </node>
      <node>
        <x>98</x>
        <y>214</y>
      </node>
    </polygon>
    <polygon>
      <node>
        <x>18</x>
        <y>522</y>
      </node>
      <node>
        <x>17</x>
        <y>438</y>
      </node>
      <node>
        <x>96</x>
        <y>440</y>
      </node>
    </polygon>
    <polygon>
      <node>
        <x>94</x>
        <y>512</y>
      </node>
      <node>
        <x>18</x>
        <y>522</y>
      </node>
      <node>
        <x>96</x>
        <y>440</y>
      </node>
    </polygon>
    <polygon>
      <node>
        <x>23</x>
        <y>210</y>
      </node>
      <node>
        <x>98</x>
        <y>214</y>
      </node>
      <node>
        <x>96</x>
        <y>440</y>
      </node>
      <node>
        <x>17</x>
        <y>438</y>
      </node>
    </polygon>
    <polygon>
      <node>
        <x>14</x>
        <y>744</y>
      </node>
      <node>
        <x>10</x>
        <y>689</y>
      </node>
      <node>
        <x>96</x>
        <y>694</y>
      </node>
    </polygon>
    <polygon>
      <node>
        <x>14</x>
        <y>744</y>
      </node>
      <node>
        <x>93</x>
        <y>741</y>
      </node>
      <node>
        <x>96</x>
        <y>694</y>
      </node>
    </polygon>
    <polygon>
      <node>
        <x>10</x>
        <y>689</y>
      </node>
      <node>
        <x>18</x>
        <y>522</y>
      </node>
      <node>
        <x>94</x>
        <y>512</y>
      </node>
      <node>
        <x>96</x>
        <y>694</y>
      </node>
    </polygon>
    <polygon>
      <node>
        <x>314</x>
        <y>215</y>
      </node>
      <node>
        <x>225</x>
        <y>218</y>
      </node>
      <node>
        <x>226</x>
        <y>307</y>
      </node>
    </polygon>
    <polygon>
      <node>
        <x>226</x>
        <y>307</y>
      </node>
      <node>
        <x>318</x>
        <y>302</y>
      </node>
      <node>
        <x>314</x>
        <y>215</y>
      </node>
    </polygon>
    <polygon>
      <node>
        <x>318</x>
        <y>302</y>
      </node>
      <node>
        <x>392</x>
        <y>310</y>
      </node>
      <node>
        <x>394</x>
        <y>222</y>
      </node>
    </polygon>
    <polygon>
      <node>
        <x>318</x>
        <y>302</y>
      </node>
      <node>
        <x>314</x>
        <y>215</y>
      </node>
      <node>
        <x>394</x>
        <y>222</y>
      </node>
    </polygon>
    <polygon>
      <node>
        <x>320</x>
        <y>439</y>
      </node>
      <node>
        <x>318</x>
        <y>302</y>
      </node>
      <node>
        <x>392</x>
        <y>310</y>
      </node>
      <node>
        <x>379</x>
        <y>429</y>
      </node>
    </polygon>
    <polygon>
      <node>
        <x>320</x>
        <y>439</y>
      </node>
      <node>
        <x>371</x>
        <y>472</y>
      </node>
      <node>
        <x>379</x>
        <y>429</y>
      </node>
    </polygon>
    <polygon>
      <node>
        <x>320</x>
        <y>439</y>
      </node>
      <node>
        <x>314</x>
        <y>476</y>
      </node>
      <node>
        <x>371</x>
        <y>472</y>
      </node>
    </polygon>
    <polygon>
      <node>
        <x>94</x>
        <y>512</y>
      </node>
      <node>
        <x>314</x>
        <y>476</y>
      </node>
      <node>
        <x>320</x>
        <y>439</y>
      </node>
      <node>
        <x>96</x>
        <y>440</y>
      </node>
    </polygon>
    <polygon>
      <node>
        <x>349</x>
        <y>553</y>
      </node>
      <node>
        <x>314</x>
        <y>476</y>
      </node>
      <node>
        <x>371</x>
        <y>472</y>
      </node>
    </polygon>
    <polygon>
      <node>
        <x>349</x>
        <y>553</y>
      </node>
      <node>
        <x>308</x>
        <y>556</y>
      </node>
      <node>
        <x>314</x>
        <y>476</y>
      </node>
    </polygon>
    <polygon>
      <node>
        <x>290</x>
        <y>744</y>
      </node>
      <node>
        <x>354</x>
        <y>742</y>
      </node>
      <node>
        <x>347</x>
        <y>674</y>
      </node>
    </polygon>
    <polygon>
      <node>
        <x>290</x>
        <y>744</y>
      </node>
      <node>
        <x>291</x>
        <y>675</y>
      </node>
      <node>
        <x>347</x>
        <y>674</y>
      </node>
    </polygon>
    <polygon>
      <node>
        <x>347</x>
        <y>674</y>
      </node>
      <node>
        <x>349</x>
        <y>553</y>
      </node>
      <node>
        <x>308</x>
        <y>556</y>
      </node>
      <node>
        <x>291</x>
        <y>675</y>
      </node>
    </polygon>
    <polygon>
      <node>
        <x>674</x>
        <y>677</y>
      </node>
      <node>
        <x>736</x>
        <y>668</y>
      </node>
      <node>
        <x>734</x>
        <y>740</y>
      </node>
    </polygon>
    <polygon>
      <node>
        <x>674</x>
        <y>677</y>
      </node>
      <node>
        <x>673</x>
        <y>742</y>
      </node>
      <node>
        <x>734</x>
        <y>740</y>
      </node>
    </polygon>
    <polygon>
      <node>
        <x>674</x>
        <y>552</y>
      </node>
      <node>
        <x>672</x>
        <y>478</y>
      </node>
      <node>
        <x>764</x>
        <y>479</y>
      </node>
    </polygon>
    <polygon>
      <node>
        <x>674</x>
        <y>552</y>
      </node>
      <node>
        <x>763</x>
        <y>547</y>
      </node>
      <node>
        <x>764</x>
        <y>479</y>
      </node>
    </polygon>
    <polygon>
      <node>
        <x>674</x>
        <y>552</y>
      </node>
      <node>
        <x>674</x>
        <y>677</y>
      </node>
      <node>
        <x>736</x>
        <y>668</y>
      </node>
      <node>
        <x>763</x>
        <y>547</y>
      </node>
    </polygon>
    <polygon>
      <node>
        <x>886</x>
        <y>483</y>
      </node>
      <node>
        <x>958</x>
        <y>535</y>
      </node>
      <node>
        <x>881</x>
        <y>538</y>
      </node>
    </polygon>
    <polygon>
      <node>
        <x>886</x>
        <y>483</y>
      </node>
      <node>
        <x>959</x>
        <y>475</y>
      </node>
      <node>
        <x>958</x>
        <y>535</y>
      </node>
    </polygon>
    <polygon>
      <node>
        <x>763</x>
        <y>547</y>
      </node>
      <node>
        <x>881</x>
        <y>538</y>
      </node>
      <node>
        <x>886</x>
        <y>483</y>
      </node>
      <node>
        <x>764</x>
        <y>479</y>
      </node>
    </polygon>
    <polygon>
      <node>
        <x>672</x>
        <y>478</y>
      </node>
      <node>
        <x>754</x>
        <y>386</y>
      </node>
      <node>
        <x>764</x>
        <y>479</y>
      </node>
    </polygon>
    <polygon>
      <node>
        <x>672</x>
        <y>478</y>
      </node>
      <node>
        <x>674</x>
        <y>389</y>
      </node>
      <node>
        <x>754</x>
        <y>386</y>
      </node>
    </polygon>
    <polygon>
      <node>
        <x>552</x>
        <y>381</y>
      </node>
      <node>
        <x>486</x>
        <y>382</y>
      </node>
      <node>
        <x>484</x>
        <y>458</y>
      </node>
    </polygon>
    <polygon>
      <node>
        <x>484</x>
        <y>458</y>
      </node>
      <node>
        <x>556</x>
        <y>456</y>
      </node>
      <node>
        <x>552</x>
        <y>381</y>
      </node>
    </polygon>
    <polygon>
      <node>
        <x>556</x>
        <y>456</y>
      </node>
      <node>
        <x>672</x>
        <y>478</y>
      </node>
      <node>
        <x>674</x>
        <y>389</y>
      </node>
      <node>
        <x>552</x>
        <y>381</y>
      </node>
    </polygon>
    <polygon>
      <node>
        <x>484</x>
        <y>458</y>
      </node>
      <node>
        <x>480</x>
        <y>547</y>
      </node>
      <node>
        <x>558</x>
        <y>546</y>
      </node>
      <node>
        <x>556</x>
        <y>456</y>
      </node>
    </polygon>
    <polygon>
      <node>
        <x>556</x>
        <y>456</y>
      </node>
      <node>
        <x>672</x>
        <y>478</y>
      </node>
      <node>
        <x>674</x>
        <y>552</y>
      </node>
      <node>
        <x>558</x>
        <y>546</y>
      </node>
    </polygon>
    <polygon>
      <node>
        <x>371</x>
        <y>472</y>
      </node>
      <node>
        <x>349</x>
        <y>553</y>
      </node>
      <node>
        <x>480</x>
        <y>547</y>
      </node>
      <node>
        <x>484</x>
        <y>458</y>
      </node>
    </polygon>
    <polygon>
      <node>
        <x>379</x>
        <y>429</y>
      </node>
      <node>
        <x>371</x>
        <y>472</y>
      </node>
      <node>
        <x>484</x>
        <y>458</y>
      </node>
      <node>
        <x>486</x>
        <y>382</y>
      </node>
    </polygon>
    <polygon>
      <node>
        <x>94</x>
        <y>512</y>
      </node>
      <node>
        <x>314</x>
        <y>476</y>
      </node>
      <node>
        <x>308</x>
        <y>556</y>
      </node>
      <node>
        <x>291</x>
        <y>675</y>
      </node>
      <node>
        <x>196</x>
        <y>683</y>
      </node>
      <node>
        <x>96</x>
        <y>694</y>
      </node>
    </polygon>
    <polygon>
      <node>
        <x>93</x>
        <y>741</y>
      </node>
      <node>
        <x>96</x>
        <y>694</y>
      </node>
      <node>
        <x>196</x>
        <y>683</y>
      </node>
      <node>
        <x>291</x>
        <y>675</y>
      </node>
      <node>
        <x>290</x>
        <y>744</y>
      </node>
    </polygon>
    <polygon>
      <node>
        <x>347</x>
        <y>674</y>
      </node>
      <node>
        <x>674</x>
        <y>677</y>
      </node>
      <node>
        <x>673</x>
        <y>742</y>
      </node>
      <node>
        <x>354</x>
        <y>742</y>
      </node>
    </polygon>
    <polygon>
      <node>
        <x>992</x>
        <y>739</y>
      </node>
      <node>
        <x>913</x>
        <y>670</y>
      </node>
      <node>
        <x>911</x>
        <y>737</y>
      </node>
    </polygon>
    <polygon>
      <node>
        <x>913</x>
        <y>670</y>
      </node>
      <node>
        <x>997</x>
        <y>661</y>
      </node>
      <node>
        <x>992</x>
        <y>739</y>
      </node>
    </polygon>
    <polygon>
      <node>
        <x>736</x>
        <y>668</y>
      </node>
      <node>
        <x>913</x>
        <y>670</y>
      </node>
      <node>
        <x>911</x>
        <y>737</y>
      </node>
      <node>
        <x>734</x>
        <y>740</y>
      </node>
    </polygon>
    <polygon>
      <node>
        <x>736</x>
        <y>668</y>
      </node>
      <node>
        <x>763</x>
        <y>547</y>
      </node>
      <node>
        <x>881</x>
        <y>538</y>
      </node>
      <node>
        <x>913</x>
        <y>670</y>
      </node>
    </polygon>
    <polygon>
      <node>
        <x>881</x>
        <y>538</y>
      </node>
      <node>
        <x>958</x>
        <y>535</y>
      </node>
      <node>
        <x>997</x>
        <y>661</y>
      </node>
      <node>
        <x>913</x>
        <y>670</y>
      </node>
    </polygon>
    <polygon>
      <node>
        <x>880</x>
        <y>256</y>
      </node>
      <node>
        <x>996</x>
        <y>253</y>
      </node>
      <node>
        <x>1000</x>
        <y>125</y>
      </node>
    </polygon>
    <polygon>
      <node>
        <x>880</x>
        <y>256</y>
      </node>
      <node>
        <x>878</x>
        <y>125</y>
      </node>
      <node>
        <x>1000</x>
        <y>125</y>
      </node>
    </polygon>
    <polygon>
      <node>
        <x>886</x>
        <y>483</y>
      </node>
      <node>
        <x>880</x>
        <y>256</y>
      </node>
      <node>
        <x>996</x>
        <y>253</y>
      </node>
      <node>
        <x>959</x>
        <y>475</y>
      </node>
    </polygon>
    <polygon>
      <node>
        <x>996</x>
        <y>253</y>
      </node>
      <node>
        <x>997</x>
        <y>661</y>
      </node>
      <node>
        <x>958</x>
        <y>535</y>
      </node>
      <node>
        <x>959</x>
        <y>475</y>
      </node>
    </polygon>
    <polygon>
      <node>
        <x>558</x>
        <y>260</y>
      </node>
      <node>
        <x>518</x>
        <y>209</y>
      </node>
      <node>
        <x>576</x>
        <y>201</y>
      </node>
    </polygon>
    <polygon>
      <node>
        <x>518</x>
        <y>209</y>
      </node>
      <node>
        <x>558</x>
        <y>260</y>
      </node>
      <node>
        <x>515</x>
        <y>275</y>
      </node>
    </polygon>
    <polygon>
      <node>
        <x>558</x>
        <y>260</y>
      </node>
      <node>
        <x>552</x>
        <y>381</y>
      </node>
      <node>
        <x>486</x>
        <y>382</y>
      </node>
      <node>
        <x>515</x>
        <y>275</y>
      </node>
    </polygon>
    <polygon>
      <node>
        <x>392</x>
        <y>310</y>
      </node>
      <node>
        <x>515</x>
        <y>275</y>
      </node>
      <node>
        <x>486</x>
        <y>382</y>
      </node>
      <node>
        <x>379</x>
        <y>429</y>
      </node>
    </polygon>
    <polygon>
      <node>
        <x>394</x>
        <y>222</y>
      </node>
      <node>
        <x>518</x>
        <y>209</y>
      </node>
      <node>
        <x>515</x>
        <y>275</y>
      </node>
      <node>
        <x>392</x>
        <y>310</y>
      </node>
    </polygon>
    <polygon>
      <node>
        <x>316</x>
        <y>123</y>
      </node>
      <node>
        <x>389</x>
        <y>121</y>
      </node>
      <node>
        <x>394</x>
        <y>222</y>
      </node>
      <node>
        <x>314</x>
        <y>215</y>
      </node>
    </polygon>
    <polygon>
      <node>
        <x>389</x>
        <y>121</y>
      </node>
      <node>
        <x>515</x>
        <y>120</y>
      </node>
      <node>
        <x>518</x>
        <y>209</y>
      </node>
      <node>
        <x>394</x>
        <y>222</y>
      </node>
    </polygon>
    <polygon>
      <node>
        <x>515</x>
        <y>120</y>
      </node>
      <node>
        <x>577</x>
        <y>122</y>
      </node>
      <node>
        <x>576</x>
        <y>201</y>
      </node>
      <node>
        <x>518</x>
        <y>209</y>
      </node>
    </polygon>
    <polygon>
      <node>
        <x>558</x>
        <y>260</y>
      </node>
      <node>
        <x>728</x>
        <y>250</y>
      </node>
      <node>
        <x>720</x>
        <y>172</y>
      </node>
      <node>
        <x>576</x>
        <y>201</y>
      </node>
    </polygon>
    <polygon>
      <node>
        <x>720</x>
        <y>172</y>
      </node>
      <node>
        <x>878</x>
        <y>125</y>
      </node>
      <node>
        <x>880</x>
        <y>256</y>
      </node>
      <node>
        <x>728</x>
        <y>250</y>
      </node>
    </polygon>
    <polygon>
      <node>
        <x>577</x>
        <y>122</y>
      </node>
      <node>
        <x>878</x>
        <y>125</y>
      </node>
      <node>
        <x>720</x>
        <y>172</y>
      </node>
      <node>
        <x>576</x>
        <y>201</y>
      </node>
    </polygon>
  </polygons>
</game>