<?xml version="1.0"?>
<game>
  <player>
    <x>190</x>
    <y>160</y>
  </player>
  <enemies>
    <enemy>
      <x>133</x>
      <y>686</y>
    </enemy>
  </enemies>
  <obstacles>
    <obstacle>
      <x>105</x>
      <y>211</y>
    </obstacle>
    <obstacle>
      <x>105</x>
      <y>261</y>
    </obstacle>
    <obstacle>
      <x>105</x>
      <y>311</y>
    </obstacle>
    <obstacle>
      <x>105</x>
      <y>361</y>
    </obstacle>
    <obstacle>
      <x>105</x>
      <y>411</y>
    </obstacle>
    <obstacle>
      <x>105</x>
      <y>461</y>
    </obstacle>
    <obstacle>
      <x>105</x>
      <y>511</y>
    </obstacle>
    <obstacle>
      <x>155</x>
      <y>211</y>
    </obstacle>
    <obstacle>
      <x>205</x>
      <y>211</y>
    </obstacle>
    <obstacle>
      <x>255</x>
      <y>211</y>
    </obstacle>
    <obstacle>
      <x>305</x>
      <y>211</y>
    </obstacle>
    <obstacle>
      <x>355</x>
      <y>211</y>
    </obstacle>
    <obstacle>
      <x>405</x>
      <y>211</y>
    </obstacle>
    <obstacle>
      <x>264</x>
      <y>377</y>
    </obstacle>
    <obstacle>
      <x>264</x>
      <y>427</y>
    </obstacle>
    <obstacle>
      <x>314</x>
      <y>377</y>
    </obstacle>
    <obstacle>
      <x>314</x>
      <y>427</y>
    </obstacle>
    <obstacle>
      <x>692</x>
      <y>226</y>
    </obstacle>
    <obstacle>
      <x>692</x>
      <y>276</y>
    </obstacle>
    <obstacle>
      <x>692</x>
      <y>326</y>
    </obstacle>
    <obstacle>
      <x>692</x>
      <y>376</y>
    </obstacle>
    <obstacle>
      <x>692</x>
      <y>426</y>
    </obstacle>
    <obstacle>
      <x>692</x>
      <y>476</y>
    </obstacle>
    <obstacle>
      <x>692</x>
      <y>526</y>
    </obstacle>
    <obstacle>
      <x>692</x>
      <y>576</y>
    </obstacle>
    <obstacle>
      <x>742</x>
      <y>376</y>
    </obstacle>
    <obstacle>
      <x>742</x>
      <y>426</y>
    </obstacle>
    <obstacle>
      <x>792</x>
      <y>376</y>
    </obstacle>
    <obstacle>
      <x>792</x>
      <y>426</y>
    </obstacle>
    <obstacle>
      <x>842</x>
      <y>376</y>
    </obstacle>
    <obstacle>
      <x>842</x>
      <y>426</y>
    </obstacle>
    <obstacle>
      <x>264</x>
      <y>477</y>
    </obstacle>
    <obstacle>
      <x>314</x>
      <y>477</y>
    </obstacle>
    <obstacle>
      <x>364</x>
      <y>377</y>
    </obstacle>
    <obstacle>
      <x>364</x>
      <y>427</y>
    </obstacle>
    <obstacle>
      <x>364</x>
      <y>477</y>
    </obstacle>
    <obstacle>
      <x>105</x>
      <y>561</y>
    </obstacle>
  </obstacles>
  <polygons>
    <polygon>
      <node>
        <x>22</x>
        <y>132</y>
      </node>
      <node>
        <x>82</x>
        <y>192</y>
      </node>
      <node>
        <x>77</x>
        <y>130</y>
      </node>
    </polygon>
    <polygon>
      <node>
        <x>22</x>
        <y>132</y>
      </node>
      <node>
        <x>21</x>
        <y>191</y>
      </node>
      <node>
        <x>82</x>
        <y>192</y>
      </node>
    </polygon>
    <polygon>
      <node>
        <x>21</x>
        <y>191</y>
      </node>
      <node>
        <x>82</x>
        <y>192</y>
      </node>
      <node>
        <x>86</x>
        <y>632</y>
      </node>
      <node>
        <x>18</x>
        <y>640</y>
      </node>
    </polygon>
    <polygon>
      <node>
        <x>18</x>
        <y>640</y>
      </node>
      <node>
        <x>21</x>
        <y>743</y>
      </node>
      <node>
        <x>86</x>
        <y>632</y>
      </node>
    </polygon>
    <polygon>
      <node>
        <x>21</x>
        <y>743</y>
      </node>
      <node>
        <x>84</x>
        <y>745</y>
      </node>
      <node>
        <x>86</x>
        <y>632</y>
      </node>
    </polygon>
    <polygon>
      <node>
        <x>84</x>
        <y>745</y>
      </node>
      <node>
        <x>181</x>
        <y>745</y>
      </node>
      <node>
        <x>179</x>
        <y>632</y>
      </node>
      <node>
        <x>86</x>
        <y>632</y>
      </node>
    </polygon>
    <polygon>
      <node>
        <x>181</x>
        <y>745</y>
      </node>
      <node>
        <x>251</x>
        <y>747</y>
      </node>
      <node>
        <x>179</x>
        <y>632</y>
      </node>
    </polygon>
    <polygon>
      <node>
        <x>179</x>
        <y>632</y>
      </node>
      <node>
        <x>249</x>
        <y>629</y>
      </node>
      <node>
        <x>251</x>
        <y>747</y>
      </node>
    </polygon>
    <polygon>
      <node>
        <x>179</x>
        <y>632</y>
      </node>
      <node>
        <x>177</x>
        <y>550</y>
      </node>
      <node>
        <x>248</x>
        <y>546</y>
      </node>
    </polygon>
    <polygon>
      <node>
        <x>179</x>
        <y>632</y>
      </node>
      <node>
        <x>249</x>
        <y>629</y>
      </node>
      <node>
        <x>248</x>
        <y>546</y>
      </node>
    </polygon>
    <polygon>
      <node>
        <x>247</x>
        <y>361</y>
      </node>
      <node>
        <x>173</x>
        <y>361</y>
      </node>
      <node>
        <x>173</x>
        <y>289</y>
      </node>
    </polygon>
    <polygon>
      <node>
        <x>173</x>
        <y>289</y>
      </node>
      <node>
        <x>247</x>
        <y>290</y>
      </node>
      <node>
        <x>247</x>
        <y>361</y>
      </node>
    </polygon>
    <polygon>
      <node>
        <x>173</x>
        <y>361</y>
      </node>
      <node>
        <x>177</x>
        <y>550</y>
      </node>
      <node>
        <x>248</x>
        <y>546</y>
      </node>
      <node>
        <x>247</x>
        <y>361</y>
      </node>
    </polygon>
    <polygon>
      <node>
        <x>426</x>
        <y>356</y>
      </node>
      <node>
        <x>414</x>
        <y>281</y>
      </node>
      <node>
        <x>469</x>
        <y>277</y>
      </node>
    </polygon>
    <polygon>
      <node>
        <x>426</x>
        <y>356</y>
      </node>
      <node>
        <x>477</x>
        <y>357</y>
      </node>
      <node>
        <x>469</x>
        <y>277</y>
      </node>
    </polygon>
    <polygon>
      <node>
        <x>247</x>
        <y>290</y>
      </node>
      <node>
        <x>414</x>
        <y>281</y>
      </node>
      <node>
        <x>426</x>
        <y>356</y>
      </node>
      <node>
        <x>247</x>
        <y>361</y>
      </node>
    </polygon>
    <polygon>
      <node>
        <x>469</x>
        <y>277</y>
      </node>
      <node>
        <x>477</x>
        <y>357</y>
      </node>
      <node>
        <x>545</x>
        <y>358</y>
      </node>
    </polygon>
    <polygon>
      <node>
        <x>469</x>
        <y>277</y>
      </node>
      <node>
        <x>542</x>
        <y>276</y>
      </node>
      <node>
        <x>545</x>
        <y>358</y>
      </node>
    </polygon>
    <polygon>
      <node>
        <x>469</x>
        <y>277</y>
      </node>
      <node>
        <x>473</x>
        <y>200</y>
      </node>
      <node>
        <x>544</x>
        <y>197</y>
      </node>
      <node>
        <x>542</x>
        <y>276</y>
      </node>
    </polygon>
    <polygon>
      <node>
        <x>473</x>
        <y>200</y>
      </node>
      <node>
        <x>546</x>
        <y>125</y>
      </node>
      <node>
        <x>544</x>
        <y>197</y>
      </node>
    </polygon>
    <polygon>
      <node>
        <x>473</x>
        <y>200</y>
      </node>
      <node>
        <x>471</x>
        <y>126</y>
      </node>
      <node>
        <x>546</x>
        <y>125</y>
      </node>
    </polygon>
    <polygon>
      <node>
        <x>82</x>
        <y>192</y>
      </node>
      <node>
        <x>77</x>
        <y>130</y>
      </node>
      <node>
        <x>471</x>
        <y>126</y>
      </node>
      <node>
        <x>473</x>
        <y>200</y>
      </node>
    </polygon>
    <polygon>
      <node>
        <x>426</x>
        <y>544</y>
      </node>
      <node>
        <x>424</x>
        <y>625</y>
      </node>
      <node>
        <x>484</x>
        <y>626</y>
      </node>
    </polygon>
    <polygon>
      <node>
        <x>426</x>
        <y>544</y>
      </node>
      <node>
        <x>484</x>
        <y>543</y>
      </node>
      <node>
        <x>484</x>
        <y>626</y>
      </node>
    </polygon>
    <polygon>
      <node>
        <x>426</x>
        <y>544</y>
      </node>
      <node>
        <x>426</x>
        <y>356</y>
      </node>
      <node>
        <x>477</x>
        <y>357</y>
      </node>
      <node>
        <x>484</x>
        <y>543</y>
      </node>
    </polygon>
    <polygon>
      <node>
        <x>248</x>
        <y>546</y>
      </node>
      <node>
        <x>426</x>
        <y>544</y>
      </node>
      <node>
        <x>424</x>
        <y>625</y>
      </node>
      <node>
        <x>249</x>
        <y>629</y>
      </node>
    </polygon>
    <polygon>
      <node>
        <x>251</x>
        <y>747</y>
      </node>
      <node>
        <x>249</x>
        <y>629</y>
      </node>
      <node>
        <x>424</x>
        <y>625</y>
      </node>
      <node>
        <x>417</x>
        <y>741</y>
      </node>
    </polygon>
    <polygon>
      <node>
        <x>417</x>
        <y>741</y>
      </node>
      <node>
        <x>485</x>
        <y>738</y>
      </node>
      <node>
        <x>484</x>
        <y>626</y>
      </node>
      <node>
        <x>424</x>
        <y>625</y>
      </node>
    </polygon>
    <polygon>
      <node>
        <x>477</x>
        <y>357</y>
      </node>
      <node>
        <x>545</x>
        <y>358</y>
      </node>
      <node>
        <x>550</x>
        <y>537</y>
      </node>
      <node>
        <x>484</x>
        <y>543</y>
      </node>
    </polygon>
    <polygon>
      <node>
        <x>484</x>
        <y>543</y>
      </node>
      <node>
        <x>484</x>
        <y>626</y>
      </node>
      <node>
        <x>548</x>
        <y>628</y>
      </node>
      <node>
        <x>550</x>
        <y>537</y>
      </node>
    </polygon>
    <polygon>
      <node>
        <x>484</x>
        <y>626</y>
      </node>
      <node>
        <x>485</x>
        <y>738</y>
      </node>
      <node>
        <x>543</x>
        <y>738</y>
      </node>
      <node>
        <x>548</x>
        <y>628</y>
      </node>
    </polygon>
    <polygon>
      <node>
        <x>665</x>
        <y>647</y>
      </node>
      <node>
        <x>543</x>
        <y>738</y>
      </node>
      <node>
        <x>548</x>
        <y>628</y>
      </node>
    </polygon>
    <polygon>
      <node>
        <x>543</x>
        <y>738</y>
      </node>
      <node>
        <x>666</x>
        <y>741</y>
      </node>
      <node>
        <x>665</x>
        <y>647</y>
      </node>
    </polygon>
    <polygon>
      <node>
        <x>548</x>
        <y>628</y>
      </node>
      <node>
        <x>550</x>
        <y>537</y>
      </node>
      <node>
        <x>661</x>
        <y>534</y>
      </node>
      <node>
        <x>665</x>
        <y>647</y>
      </node>
    </polygon>
    <polygon>
      <node>
        <x>545</x>
        <y>358</y>
      </node>
      <node>
        <x>661</x>
        <y>361</y>
      </node>
      <node>
        <x>661</x>
        <y>534</y>
      </node>
      <node>
        <x>550</x>
        <y>537</y>
      </node>
    </polygon>
    <polygon>
      <node>
        <x>542</x>
        <y>276</y>
      </node>
      <node>
        <x>665</x>
        <y>278</y>
      </node>
      <node>
        <x>661</x>
        <y>361</y>
      </node>
      <node>
        <x>545</x>
        <y>358</y>
      </node>
    </polygon>
    <polygon>
      <node>
        <x>544</x>
        <y>197</y>
      </node>
      <node>
        <x>667</x>
        <y>199</y>
      </node>
      <node>
        <x>665</x>
        <y>278</y>
      </node>
      <node>
        <x>542</x>
        <y>276</y>
      </node>
    </polygon>
    <polygon>
      <node>
        <x>544</x>
        <y>197</y>
      </node>
      <node>
        <x>546</x>
        <y>125</y>
      </node>
      <node>
        <x>667</x>
        <y>199</y>
      </node>
    </polygon>
    <polygon>
      <node>
        <x>546</x>
        <y>125</y>
      </node>
      <node>
        <x>667</x>
        <y>199</y>
      </node>
      <node>
        <x>657</x>
        <y>125</y>
      </node>
    </polygon>
    <polygon>
      <node>
        <x>667</x>
        <y>199</y>
      </node>
      <node>
        <x>657</x>
        <y>125</y>
      </node>
      <node>
        <x>768</x>
        <y>126</y>
      </node>
      <node>
        <x>769</x>
        <y>202</y>
      </node>
    </polygon>
    <polygon>
      <node>
        <x>769</x>
        <y>202</y>
      </node>
      <node>
        <x>768</x>
        <y>126</y>
      </node>
      <node>
        <x>902</x>
        <y>126</y>
      </node>
    </polygon>
    <polygon>
      <node>
        <x>769</x>
        <y>202</y>
      </node>
      <node>
        <x>900</x>
        <y>204</y>
      </node>
      <node>
        <x>902</x>
        <y>126</y>
      </node>
    </polygon>
    <polygon>
      <node>
        <x>900</x>
        <y>204</y>
      </node>
      <node>
        <x>769</x>
        <y>202</y>
      </node>
      <node>
        <x>771</x>
        <y>346</y>
      </node>
    </polygon>
    <polygon>
      <node>
        <x>771</x>
        <y>346</y>
      </node>
      <node>
        <x>912</x>
        <y>348</y>
      </node>
      <node>
        <x>900</x>
        <y>204</y>
      </node>
    </polygon>
    <polygon>
      <node>
        <x>912</x>
        <y>348</y>
      </node>
      <node>
        <x>900</x>
        <y>204</y>
      </node>
      <node>
        <x>1004</x>
        <y>204</y>
      </node>
    </polygon>
    <polygon>
      <node>
        <x>912</x>
        <y>348</y>
      </node>
      <node>
        <x>999</x>
        <y>345</y>
      </node>
      <node>
        <x>1004</x>
        <y>204</y>
      </node>
    </polygon>
    <polygon>
      <node>
        <x>900</x>
        <y>204</y>
      </node>
      <node>
        <x>902</x>
        <y>126</y>
      </node>
      <node>
        <x>1005</x>
        <y>129</y>
      </node>
      <node>
        <x>1004</x>
        <y>204</y>
      </node>
    </polygon>
    <polygon>
      <node>
        <x>912</x>
        <y>348</y>
      </node>
      <node>
        <x>912</x>
        <y>506</y>
      </node>
      <node>
        <x>996</x>
        <y>505</y>
      </node>
      <node>
        <x>999</x>
        <y>345</y>
      </node>
    </polygon>
    <polygon>
      <node>
        <x>901</x>
        <y>647</y>
      </node>
      <node>
        <x>996</x>
        <y>646</y>
      </node>
      <node>
        <x>999</x>
        <y>745</y>
      </node>
      <node>
        <x>901</x>
        <y>744</y>
      </node>
    </polygon>
    <polygon>
      <node>
        <x>665</x>
        <y>647</y>
      </node>
      <node>
        <x>772</x>
        <y>653</y>
      </node>
      <node>
        <x>774</x>
        <y>744</y>
      </node>
      <node>
        <x>666</x>
        <y>741</y>
      </node>
    </polygon>
    <polygon>
      <node>
        <x>772</x>
        <y>653</y>
      </node>
      <node>
        <x>774</x>
        <y>744</y>
      </node>
      <node>
        <x>901</x>
        <y>744</y>
      </node>
    </polygon>
    <polygon>
      <node>
        <x>772</x>
        <y>653</y>
      </node>
      <node>
        <x>901</x>
        <y>647</y>
      </node>
      <node>
        <x>901</x>
        <y>744</y>
      </node>
    </polygon>
    <polygon>
      <node>
        <x>772</x>
        <y>653</y>
      </node>
      <node>
        <x>901</x>
        <y>647</y>
      </node>
      <node>
        <x>769</x>
        <y>509</y>
      </node>
    </polygon>
    <polygon>
      <node>
        <x>769</x>
        <y>509</y>
      </node>
      <node>
        <x>912</x>
        <y>506</y>
      </node>
      <node>
        <x>901</x>
        <y>647</y>
      </node>
    </polygon>
    <polygon>
      <node>
        <x>912</x>
        <y>506</y>
      </node>
      <node>
        <x>901</x>
        <y>647</y>
      </node>
      <node>
        <x>996</x>
        <y>646</y>
      </node>
    </polygon>
    <polygon>
      <node>
        <x>912</x>
        <y>506</y>
      </node>
      <node>
        <x>996</x>
        <y>505</y>
      </node>
      <node>
        <x>996</x>
        <y>646</y>
      </node>
    </polygon>
  </polygons>
</game>